r,K,servers,clients,cost,optimum,ratio
1,2,3,3,4,3,4/3
1,3,11,11,16,11,16/11
1,4,49,49,73,49,73/49
1,5,261,261,391,261,391/261
1,6,1631,1631,2446,1631,2446/1631
1,7,11743,11743,17614,11743,17614/11743
1,8,95901,95901,143851,95901,143851/95901
1,9,876809,876809,1315213,876809,1315213/876809
1,10,8877691,8877691,13316536,8877691,13316536/8877691
2,2,4,4,5,4,5/4
2,3,31,31,40,31,40/31
2,4,418,418,541,418,541/418
2,5,8917,8917,11543,8917,11543/8917
2,6,278656,278656,360721,278656,360721/278656
2,7,12037939,12037939,15583150,12037939,15583150/12037939
2,8,688168846,688168846,890836745,688168846,890836745/688168846
2,9,50334635593,50334635593,65158344781,50334635593,65158344781/50334635593
2,10,4586743668412,4586743668412,5937554168173,4586743668412,5937554168173/4586743668412
3,2,5,5,6,5,6/5
3,3,79,79,96,79,96/79
3,4,3199,3199,3889,3199,3889/3199
3,5,272981,272981,331863,272981,331863/272981
3,6,42653281,42653281,51853596,42653281,51853596/42653281
3,7,11055730435,11055730435,13440452086,11055730435,13440452086/11055730435
3,8,4424134795739,4424134795739,5378420909751,4424134795739,5378420909751/4424134795739
3,9,2588750874763849,2588750874763849,3147144578048589,2588750874763849,3147144578048589/2588750874763849
3,10,2123099311165701661,2123099311165701661,2581051947072099058,2123099311165701661,2581051947072099058/2123099311165701661
4,2,6,6,7,6,7/6
4,3,191,191,224,191,224/191
4,4,23206,23206,27217,23206,27217/23206
4,5,7920981,7920981,9290071,7920981,9290071/7920981
4,6,6188266406,6188266406,7257867971,6188266406,7257867971/6188266406
4,7,9623991914611,9623991914611,11287436268502,9623991914611,11287436268502/9623991914611
4,8,26958405351477846,26958405351477846,31617990227452189,26958405351477846,31617990227452189/26958405351477846
4,9,126196146651032293961,126196146651032293961,148008329110450475597,126196146651032293961,148008329110450475597/126196146651032293961
4,10,931469532949600740762886,931469532949600740762886,1092467978205373766690911,931469532949600740762886,1092467978205373766690911/931469532949600740762886
5,2,7,7,8,7,8/7
5,3,447,447,512,447,512/447
5,4,162931,162931,186625,162931,186625/162931
5,5,222455125,222455125,254805335,222455125,50961067/44491025
5,6,868965332031,868965332031,995333339846,868965332031,995333339846/868965332031
5,7,8108489306247667,8108489306247667,9287654460770998,8108489306247667,9287654460770998/8108489306247667
5,8,158992609731788629147,158992609731788629147,182113876609207857287,158992609731788629147,182113876609207857287/158992609731788629147
5,9,5954136955075714057015881,5954136955075714057015881,6820008581406312077234765,5954136955075714057015881,6820008581406312077234765/5954136955075714057015881
5,10,395534062192799069271822101815,395534062192799069271822101815,453054022563893987079715093300,395534062192799069271822101815,90610804512778797415943018660/79106812438559813854364420363
6,2,8,8,9,8,9/8
6,3,1023,1023,1152,1023,384/341
6,4,1118650,1118650,1259713,1118650,96901/86050
6,5,6109320533,6109320533,6879712599,6109320533,6879712599/6109320533
6,6,119322666660156,119322666660156,134369386699221,119322666660156,44789795566407/39774222220052
6,7,6680542002835486003,6680542002835486003,7522965727006625974,6680542002835486003,7522965727006625974/6680542002835486003
6,8,916952267106857441561438,916952267106857441561438,1032580960619369629084317,916952267106857441561438,1032580960619369629084317/916952267106857441561438
6,9,274712611552525756755064689225,274712611552525756755064689225,309354175246404608053347652173,274712611552525756755064689225,103118058415468202684449217391/91570870517508585585021563075
6,10,164242738120596570782626875194726128,164242738120596570782626875194726128,184953928778015075222039020820780209,164242738120596570782626875194726128,184953928778015075222039020820780209/164242738120596570782626875194726128
7,2,9,9,10,9,10/9
7,3,2303,2303,2560,2303,2560/2303
7,4,7554991,7554991,8398081,7554991,8398081/7554991
7,5,165041296725,165041296725,183458878807,165041296725,183458878807/165041296725
7,6,16117314133300781,16117314133300781,17915906133496096,16117314133300781,17915906133496096/16117314133300781
7,7,5414179739063624916019,5414179739063624916019,6018368519263635755830,5414179739063624916019,6018368519263635755830/5414179739063624916019
7,8,5201944795655620663248541203,5201944795655620663248541203,5782449476369921111474089975,5201944795655620663248541203,5782449476369921111474089975/5201944795655620663248541203
7,9,12467735922398601354483433921090121,12467735922398601354483433921090121,13859057696306437484308697987715661,12467735922398601354483433921090121,13859057696306437484308697987715661/12467735922398601354483433921090121
7,10,67086893719146280412083809890387806817905,67086893719146280412083809890387806817905,74573373746975743111372300018807185799702,67086893719146280412083809890387806817905,74573373746975743111372300018807185799702/67086893719146280412083809890387806817905
8,2,10,10,11,10,11/10
8,3,5119,5119,5632,5119,5632/5119
8,4,50378638,50378638,55427329,50378638,55427329/50378638
8,5,4402152559957,4402152559957,4843313911127,4402152559957,4843313911127/4402152559957
8,6,2149488554666503906,2149488554666503906,2364899370667480471,2149488554666503906,2364899370667480471/2149488554666503906
8,7,4332378441881681549496115,4332378441881681549496115,4766547385635637054534966,4332378441881681549496115,4766547385635637054534966/4332378441881681549496115
8,8,29137849503160952957919545456134,29137849503160952957919545456134,32057896657802990482223597620397,29137849503160952957919545456134,32057896657802990482223597620397/29137849503160952957919545456134
8,9,558687994160027417760977285416432734793,558687994160027417760977285416432734793,614676864838444407732810808656555971149,558687994160027417760977285416432734793,614676864838444407732810808656555971149/558687994160027417760977285416432734793
8,10,27055896986988370805295638129240867343638921722,27055896986988370805295638129240867343638921722,29767301444087129805395118104276043424801933987,27055896986988370805295638129240867343638921722,29767301444087129805395118104276043424801933987/27055896986988370805295638129240867343638921722
9,2,11,11,12,11,12/11
9,3,11263,11263,12288,11263,12288/11263
9,4,332534443,332534443,362797057,332534443,362797057/332534443
9,5,116229212034389,116229212034389,126806762280279,116229212034389,126806762280279/116229212034389
9,6,283762724693332519531,283762724693332519531,309586821973337402346,283762724693332519531,309586821973337402346/283762724693332519531
9,7,3431609370709318030496976691,3431609370709318030496976691,3743906252944097335527209782,3431609370709318030496976691,3743906252944097335527209782/3431609370709318030496976691
9,8,161557451910307986214137180756236843,161557451910307986214137180756236843,176260141838840146322214188240947623,161557451910307986214137180756236843,176260141838840146322214188240947623/161557451910307986214137180756236843
9,9,24781570442138054502762073007345635311260233,24781570442138054502762073007345635311260233,27036840885219276108063022028644921744069197,24781570442138054502762073007345635311260233,27036840885219276108063022028644921744069197/24781570442138054502762073007345635311260233
9,10,10800999156241205191089825947054489952342120009503179,10800999156241205191089825947054489952342120009503179,11783954381362700424763266941799811038135773795524504,10800999156241205191089825947054489952342120009503179,11783954381362700424763266941799811038135773795524504/10800999156241205191089825947054489952342120009503179
10,2,12,12,13,12,13/12
10,3,24575,24575,26624,24575,26624/24575
10,4,2176693762,2176693762,2358180865,2176693762,2358180865/2176693762
10,5,3043238450910549,3043238450910549,3296975811597655,3043238450910549,3296975811597655/3043238450910549
10,6,37148906871466662597656,37148906871466662597656,40246286762666687011721,37148906871466662597656,40246286762666687011721/37148906871466662597656
10,7,2695502809317255118514981860147,2695502809317255118514981860147,2920246870485448951425163258678,2695502809317255118514981860147,2920246870485448951425163258678/2695502809317255118514981860147
10,8,888314965115773019532218013038091501870,888314965115773019532218013038091501870,962380372195489267335713879087506037629,888314965115773019532218013038091501870,962380372195489267335713879087506037629/888314965115773019532218013038091501870
10,9,1090081063919893135042870166954487029367763669577,1090081063919893135042870166954487029367763669577,1180969207111981177693112046712610501091171537485,1090081063919893135042870166954487029367763669577,1180969207111981177693112046712610501091171537485/1090081063919893135042870166954487029367763669577
10,10,4275987355689038208961274434955817432325890662252552101924,4275987355689038208961274434955817432325890662252552101924,4632508135596818509409196280825552828342676695182620367925,4275987355689038208961274434955817432325890662252552101924,4632508135596818509409196280825552828342676695182620367925/4275987355689038208961274434955817432325890662252552101924
11,2,13,13,14,13,14/13
11,3,53247,53247,57344,53247,57344/53247
11,4,14148819463,14148819463,15237476353,14148819463,15237476353/14148819463
11,5,79125933425251669,79125933425251669,85214144023057751,79125933425251669,85214144023057751/79125933425251669
11,6,4829463710037333312988281,4829463710037333312988281,5201058595157333435058596,4829463710037333312988281,5201058595157333435058596/4829463710037333312988281
11,7,2102538259272458611251449891160883,2102538259272458611251449891160883,2264314495687891712459550979552054,2102538259272458611251449891160883,2264314495687891712459550979552054/2102538259272458611251449891160883
11,8,4850305982946783491286154661869662149959747,4850305982946783491286154661869662149959747,5223504541367264208390059200580142957243479,4850305982946783491286154661869662149959747,5223504541367264208390059200580142957243479/4850305982946783491286154661869662149959747
11,9,47615784165370442979352537715035742054048368186135113,47615784165370442979352537715035742054048368186135113,51279499830125437485775161321132841664835356832600653,47615784165370442979352537715035742054048368186135113,51279499830125437485775161321132841664835356832600653/47615784165370442979352537715035742054048368186135113
11,10,1681012981375614207789522235043576936584094934545570836928569669,1681012981375614207789522235043576936584094934545570836928569669,1810355670999980693649352605363818507653226773426454842070990266,1681012981375614207789522235043576936584094934545570836928569669,1810355670999980693649352605363818507653226773426454842070990266/1681012981375614207789522235043576936584094934545570836928569669
12,2,14,14,15,14,15/14
12,3,114687,114687,122880,114687,40960/38229
12,4,91424060950,91424060950,97955205121,91424060950,97955205121/91424060950
12,5,2045121624207086933,2045121624207086933,2191220846185764183,2045121624207086933,2191220846185764183/2045121624207086933
12,6,624121589418666666564941406,624121589418666666564941406,668707533626026667175292971,624121589418666666564941406,222902511208675555725097657/208040529806222222188313802
12,7,1630292221635357730140679499346965299,1630292221635357730140679499346965299,1746756896576713054766554505877312310,1630292221635357730140679499346965299,1746756896576713054766554505877312310/1630292221635357730140679499346965299
12,8,26326233338079887612461365597713278426446477782,26326233338079887612461365597713278426446477782,28206924521820028972854910079246609178129868365,26326233338079887612461365597713278426446477782,28206924521820028972854910079246609178129868365/26326233338079887612461365597713278426446477782
12,9,2067571405054501096793181025018112424713690762387759862345,2067571405054501096793181025018112424713690762387759862345,2215274392538650749004513107079039172369576650394696979021,2067571405054501096793181025018112424713690762387759862345,738424797512883583001504369026346390789858883464898993007/689190468351500365597727008339370808237896920795919954115
12,10,656936137767276725973754761469563701334114027550439842548789055171438,656936137767276725973754761469563701334114027550439842548789055171438,703866284845784972908299122635599922443579070271821710171021012560743,656936137767276725973754761469563701334114027550439842548789055171438,703866284845784972908299122635599922443579070271821710171021012560743/656936137767276725973754761469563701334114027550439842548789055171438
