r,decimal_15_places,included_through,exact_width
1,1.500000000000000,27,8772127164355581101673494087353902/14020263246416242144670137598509905224576457061727437320713810123
2,1.294503158976119,17,460633618231254612371122940205348477/145466741072067178392031501589459361485417994869564368628225847205484
3,1.215700053924918,12,1397361853827667996547705999686176/3320938982420990631340459459544633255701406394816355425921674567
4,1.172843490377998,10,1315630662591585632457900927997440/39744519036232903225405229821413550688057814573981926752067642221
5,1.145423532052361,9,575163135679457387669241786708998232/5039164130166080125235036138035404945528503877977554747877742986118487
8,1.100214916489471,6,1533674373326892736143757154451456/12707350306177217139801082016159783816807367550178530579435962785
10,1.083377416781517,6,61021073262714011835114398073693753311232/15426161979076242137298005515348962298060450547127427947764692609123351277086673
20,1.045454568114163,4,2598556081708742608052936093175588203425431552/43635513223543728424789630281383411428537671046144144000346875827263113374718218779500823
50,1.019230769230769,2,448155775509671400117000593950682669830776029184/37432583505775244646315883683113569012957421618839521776324976587722404088776702789309605
100,1.009803921568627,2,1250740089469374456968825652683354977009513075730333773966405553578385073648701172010935386112/166151905811779179607850772496013740358904179662746706349479176140040308806043839613924438587948192413517225122053512164075308686976900577396936929889349566339842336624198797
